dataset, user, DhiMu_22, DhiMu_23, DhiMu_24, DhiMu_25, DhiMu_26, DhiMu_28, DhiMu_29, DhiMu_3, DhiMu_31, DhiMu_32, DhiMu_33, DhiMu_35, DhiMu_36, DhiMu_37, DhiMu_39, DhiMu_4, DhiMu_40, DhiMu_42, DhiMu_43, DhiMu_5, DhiMu_52, DhiMu_6, KIMA_11613, KIMA_15975, KIMA_307, KIMA_8531, MapOE_1900, MapOE_1949, MapOE_2026, MapOE_2120, Travelab_2, Usaybia_184, Usaybia_187, Usaybia_188, Usaybia_189, Usaybia_210, Usaybia_219, Usaybia_227, Usaybia_228, Usaybia_234, Usaybia_241, Usaybia_249, Usaybia_282, Usaybia_285, Usaybia_292, Usaybia_293, Usaybia_297, Usaybia_298, Usaybia_299, Usaybia_304, Usaybia_319, Usaybia_322, Usaybia_323, oape_17, oape_194, oape_201, oape_202, oape_209, oape_24, oape_290, oape_291, oape_292, oape_3, oape_318, oape_326, oape_340, oape_342, oape_347, oape_405, oape_419, oape_488, oape_515, oape_529, oape_531, oape_571, oape_574, oape_622, oape_89, phgis_16, phgis_19, phgis_2, phgis_20, phgis_21, phgis_22, phgis_23, phgis_24, phgis_26, phgis_28, phgis_31, phgis_32, phgis_35, phgis_36, phgis_38, phgis_4, phgis_41, phgis_43, phgis_45, phgis_48, phgis_49, phgis_50
LP7 Example, 374, 7, 4, 2, 4, 6, 7, 3, 2, 8, 1, 8, 6, 3, 9, 8, 4, 11, 4, 5, 9, 4, 6, 6, 7, 8, 10, 0, 3, 0, 0, 5, 0, 0, 8, 8, 6, 0, 7, 9, 0, 7, 0, 11, 0, 13, 0, 3, 2, 0, 4, 9, 5, 7, 4, 5, 6, 14, 14, 10, 10, 12, 12, 11, 14, 11, 13, 11, 9, 12, 6, 13, 12, 9, 11, 7, 12, 18, 0, 0, 3, 3, 3, 3, 2, 0, 3, 3, 0, 3, 3, 2, 3, 3, 0, 3, 3, 0, 3, 3, 3
Ali LP7 Data, 119, 0, 0, 0, 0, 0, 0, 0, 0, 0, 0, 0, 0, 0, 0, 0, 0, 0, 0, 0, 0, 0, 0, 0, 0, 0, 0, 0, 0, 0, 0, 0, 0, 0, 0, 0, 0, 0, 0, 0, 0, 0, 0, 0, 0, 0, 0, 0, 0, 0, 0, 0, 0, 0, 1, 1, 1, 1, 1, 1, 1, 1, 1, 1, 1, 1, 1, 1, 1, 1, 1, 1, 1, 1, 1, 1, 1, 0, 0, 0, 0, 0, 0, 0, 0, 0, 0, 0, 0, 0, 0, 0, 0, 0, 0, 0, 0, 0, 0, 0, 0
LP7_test_data, 361, 7, 4, 2, 4, 6, 7, 3, 2, 8, 1, 8, 6, 0, 9, 8, 4, 11, 4, 5, 9, 4, 6, 6, 7, 8, 10, 4, 2, 0, 0, 0, 0, 0, 8, 8, 6, 0, 7, 3, 1, 0, 0, 11, 9, 13, 5, 3, 2, 3, 4, 6, 5, 7, 4, 9, 6, 14, 14, 1, 20, 12, 15, 11, 1, 18, 13, 11, 9, 12, 9, 13, 9, 18, 13, 14, 8, 13, 0, 0, 3, 3, 4, 3, 0, 3, 3, 3, 0, 3, 3, 6, 3, 0, 0, 0, 0, 0, 0, 0, 3
mervetekgurler, 377, 0, 3, 2, 3, 6, 0, 0, 2, 0, 0, 0, 6, 0, 0, 0, 4, 0, 0, 4, 8, 3, 0, 0, 0, 0, 8, 3, 0, 0, 0, 5, 3, 0, 0, 0, 0, 0, 0, 0, 1, 1, 0, 10, 8, 10, 0, 3, 0, 3, 3, 0, 4, 0, 1, 1, 6, 12, 12, 10, 1, 17, 13, 10, 1, 1, 1, 9, 8, 1, 8, 1, 11, 9, 1, 1, 7, 0, 4, 0, 0, 0, 0, 0, 2, 3, 0, 0, 0, 3, 0, 5, 0, 0, 0, 0, 0, 0, 3, 0, 0
lp7_GerD, 360, 0, 0, 0, 0, 0, 0, 0, 0, 0, 0, 0, 0, 0, 0, 0, 0, 0, 0, 0, 0, 0, 0, 0, 0, 0, 0, 0, 0, 0, 0, 0, 0, 0, 0, 0, 0, 0, 0, 0, 0, 0, 0, 0, 0, 0, 0, 0, 0, 0, 0, 0, 0, 0, 1, 1, 1, 1, 1, 1, 1, 1, 1, 1, 1, 1, 1, 1, 1, 1, 1, 1, 1, 1, 1, 1, 1, 0, 0, 0, 0, 0, 0, 0, 0, 0, 0, 0, 0, 0, 0, 0, 0, 0, 0, 0, 0, 0, 0, 0, 0
lp7_MK, 371, 0, 0, 0, 0, 0, 0, 0, 0, 0, 0, 0, 0, 0, 0, 0, 0, 0, 0, 0, 0, 0, 0, 0, 0, 0, 0, 0, 0, 0, 0, 0, 0, 0, 0, 0, 0, 0, 0, 0, 0, 0, 0, 0, 0, 0, 0, 0, 0, 0, 0, 0, 0, 0, 1, 1, 1, 1, 1, 1, 1, 1, 1, 1, 1, 1, 1, 1, 1, 1, 1, 1, 1, 1, 1, 1, 1, 0, 0, 0, 0, 0, 0, 0, 0, 0, 0, 0, 0, 0, 0, 0, 0, 0, 0, 0, 0, 0, 0, 0, 0
testTitleLabel, 324, 7, 3, 2, 4, 7, 6, 3, 2, 9, 1, 9, 6, 2, 9, 8, 4, 11, 4, 4, 8, 3, 7, 7, 7, 7, 9, 0, 0, 2, 1, 5, 0, 0, 0, 11, 6, 0, 0, 0, 2, 6, 0, 12, 2, 4, 0, 4, 0, 0, 0, 0, 5, 0, 4, 5, 7, 14, 14, 10, 13, 11, 20, 12, 1, 11, 14, 9, 8, 11, 6, 15, 13, 9, 10, 4, 6, 0, 5, 0, 3, 4, 3, 3, 3, 3, 4, 4, 0, 4, 3, 3, 3, 4, 0, 4, 4, 0, 4, 4, 3
lp7_nathangibson, 56, 7, 3, 2, 3, 6, 6, 3, 2, 7, 0, 8, 6, 0, 8, 8, 4, 9, 3, 4, 8, 3, 5, 0, 7, 0, 8, 0, 0, 0, 0, 5, 0, 0, 7, 7, 5, 0, 6, 8, 1, 0, 0, 10, 8, 0, 0, 3, 2, 3, 3, 0, 4, 7, 1, 5, 7, 12, 1, 9, 9, 10, 1, 10, 1, 1, 3, 9, 9, 10, 5, 1, 11, 9, 1, 7, 11, 0, 4, 0, 3, 0, 0, 0, 2, 0, 3, 3, 0, 3, 0, 6, 0, 5, 0, 3, 3, 0, 3, 0, 0
908 / lp7_100, 357, 0, 0, 0, 0, 0, 0, 0, 0, 0, 0, 0, 0, 0, 0, 0, 0, 0, 0, 0, 0, 0, 0, 0, 0, 0, 0, 0, 0, 0, 0, 0, 0, 0, 0, 0, 0, 0, 0, 0, 0, 0, 0, 0, 0, 0, 0, 0, 0, 0, 0, 0, 0, 0, 1, 1, 1, 1, 1, 1, 1, 1, 1, 1, 1, 1, 1, 1, 1, 1, 1, 1, 1, 1, 1, 1, 1, 0, 0, 0, 0, 0, 0, 0, 0, 0, 0, 0, 0, 0, 0, 0, 0, 0, 0, 0, 0, 0, 0, 0, 0
tillgrallert, 356, 7, 3, 2, 3, 6, 6, 3, 2, 7, 0, 8, 6, 0, 8, 8, 4, 9, 3, 4, 8, 3, 5, 6, 7, 7, 8, 3, 0, 0, 0, 5, 0, 0, 7, 7, 5, 0, 6, 0, 1, 6, 0, 10, 8, 10, 0, 0, 2, 3, 3, 0, 4, 7, 4, 5, 1, 1, 1, 9, 9, 10, 11, 10, 13, 17, 3, 9, 8, 10, 5, 13, 8, 9, 11, 7, 7, 11, 0, 0, 3, 3, 9, 3, 0, 3, 0, 3, 0, 3, 0, 6, 3, 0, 0, 0, 0, 0, 0, 0, 3
Workshop, 57, 8, 3, 3, 3, 7, 6, 4, 2, 7, 0, 9, 6, 0, 9, 9, 4, 10, 3, 4, 9, 3, 6, 7, 8, 8, 9, 0, 2, 0, 0, 0, 0, 0, 8, 8, 6, 0, 7, 10, 1, 0, 0, 12, 9, 4, 5, 3, 2, 3, 3, 3, 5, 8, 4, 6, 7, 15, 14, 10, 10, 11, 12, 11, 10, 11, 12, 10, 9, 11, 6, 12, 12, 10, 10, 8, 12, 0, 0, 0, 3, 3, 4, 3, 2, 3, 3, 3, 0, 3, 3, 7, 3, 0, 0, 3, 3, 0, 3, 3, 3
LP7MGochnaTrial, 372, 0, 0, 0, 0, 0, 0, 0, 0, 0, 0, 0, 0, 0, 0, 0, 0, 0, 0, 0, 0, 0, 0, 0, 0, 0, 0, 0, 0, 0, 0, 0, 0, 0, 0, 0, 0, 0, 0, 0, 0, 0, 0, 0, 0, 0, 0, 0, 0, 0, 0, 0, 0, 0, 1, 1, 1, 1, 1, 1, 1, 1, 1, 1, 1, 1, 1, 1, 1, 1, 1, 1, 1, 1, 1, 1, 1, 0, 0, 0, 0, 0, 0, 0, 0, 0, 0, 0, 0, 0, 0, 0, 0, 0, 0, 0, 0, 0, 0, 0, 0
lpt_lpuser, 359, 7, 3, 2, 3, 6, 6, 3, 2, 7, 0, 8, 6, 5, 8, 9, 4, 9, 3, 4, 8, 3, 5, 0, 7, 7, 0, 0, 2, 0, 0, 0, 3, 0, 7, 7, 5, 0, 0, 0, 0, 0, 0, 10, 8, 0, 0, 3, 0, 3, 0, 0, 0, 0, 4, 5, 6, 12, 12, 9, 9, 10, 11, 10, 13, 10, 11, 9, 8, 10, 8, 14, 11, 9, 11, 7, 11, 0, 0, 0, 3, 3, 9, 3, 2, 3, 3, 3, 0, 3, 4, 5, 3, 5, 0, 3, 3, 0, 3, 3, 3
